eg25181,RT @bluemont96: 삼성 놑북 색감 쓰레기라 나 보기 편하라고 만든 색상표.. 혹시 저처럼 부득이하게 삼성 놑북 그림쟁이이신분들 이거 폰에 저장하시고 놑북으로 작업하실때 비교해가시며 색칠하세요 http://t.co/uyGQjvHAan,Mon Mar 23 16:38:50 +0000 2015
bobgon91,"RT @paper0bag: 2015/03/23
삼성 Guilty 이우재 
뀩 http://t.co/ODrUecWag6",Mon Mar 23 16:38:50 +0000 2015
REAE10,삼성이벤트를 곧 하겠지? 삼성핸드폰정도는 살수있는데....,Mon Mar 23 16:38:35 +0000 2015
heliometre,전현무 보고 그렸는데 삼성 회장이 나왔다 http://t.co/hJJLyFsIiW,Mon Mar 23 16:38:25 +0000 2015
vhnulunp254,"삼성전자 ""백혈병 보상 문제 한 달 내 마무리하자""",Mon Mar 23 16:37:29 +0000 2015
chfhrtor0601,RT @bluemont96: 삼성 놑북 색감 쓰레기라 나 보기 편하라고 만든 색상표.. 혹시 저처럼 부득이하게 삼성 놑북 그림쟁이이신분들 이거 폰에 저장하시고 놑북으로 작업하실때 비교해가시며 색칠하세요 http://t.co/uyGQjvHAan,Mon Mar 23 16:37:19 +0000 2015
a1bbs,위기의 경영 삼성을 공부하다12000-&gt;3900재정가도서http://t.co/hqvjc2kLCF,Mon Mar 23 16:37:13 +0000 2015
manaonoRinpana,맞아 삼성놋북 죽일것이다,Mon Mar 23 16:36:38 +0000 2015
bookucc,위기의 경영 삼성을 공부하다http://t.co/Vi6FULp2lY,Mon Mar 23 16:36:23 +0000 2015
TabBot_KR,"삼성 갤럭시Tab 8.9 (SHV-E140S/K/L) - 8.9인치 TFT-LCD WXGA 디스플레이, 1.5Ghz MSM8660 듀얼코어 프로세서, 1GB RAM, 안드로이드 3.2, 정전식터치, 300만화소 카메라, 457g, 3G/LTE",Mon Mar 23 16:36:15 +0000 2015
manaonoRinpana,RT @bluemont96: 삼성 놑북 색감 쓰레기라 나 보기 편하라고 만든 색상표.. 혹시 저처럼 부득이하게 삼성 놑북 그림쟁이이신분들 이거 폰에 저장하시고 놑북으로 작업하실때 비교해가시며 색칠하세요 http://t.co/uyGQjvHAan,Mon Mar 23 16:35:59 +0000 2015
keul_is_oduk,RT @bluemont96: 삼성 놑북 색감 쓰레기라 나 보기 편하라고 만든 색상표.. 혹시 저처럼 부득이하게 삼성 놑북 그림쟁이이신분들 이거 폰에 저장하시고 놑북으로 작업하실때 비교해가시며 색칠하세요 http://t.co/uyGQjvHAan,Mon Mar 23 16:35:56 +0000 2015
th_reng,RT @bluemont96: 삼성 놑북 색감 쓰레기라 나 보기 편하라고 만든 색상표.. 혹시 저처럼 부득이하게 삼성 놑북 그림쟁이이신분들 이거 폰에 저장하시고 놑북으로 작업하실때 비교해가시며 색칠하세요 http://t.co/uyGQjvHAan,Mon Mar 23 16:35:55 +0000 2015
ner_99,RT @bluemont96: 삼성 놑북 색감 쓰레기라 나 보기 편하라고 만든 색상표.. 혹시 저처럼 부득이하게 삼성 놑북 그림쟁이이신분들 이거 폰에 저장하시고 놑북으로 작업하실때 비교해가시며 색칠하세요 http://t.co/uyGQjvHAan,Mon Mar 23 16:35:28 +0000 2015
rainbowidYu,RT @bluemont96: 삼성 놑북 색감 쓰레기라 나 보기 편하라고 만든 색상표.. 혹시 저처럼 부득이하게 삼성 놑북 그림쟁이이신분들 이거 폰에 저장하시고 놑북으로 작업하실때 비교해가시며 색칠하세요 http://t.co/uyGQjvHAan,Mon Mar 23 16:35:03 +0000 2015
qkrwhdwls1129,삼성라이온즈 화이팅!!,Mon Mar 23 16:34:26 +0000 2015
5114family,^뿌리뽑아야 할 뿌리내린 삼성화재보험의 적폐 (積弊):http://t.co/MupHWDBJFZ,Mon Mar 23 16:34:02 +0000 2015
5114family,*뿌리뽑아야 할 뿌리내린 삼성화재보험의 적폐 (積弊):http://t.co/MupHWDBJFZ,Mon Mar 23 16:33:32 +0000 2015
cme5356,RT @bluemont96: 삼성 놑북 색감 쓰레기라 나 보기 편하라고 만든 색상표.. 혹시 저처럼 부득이하게 삼성 놑북 그림쟁이이신분들 이거 폰에 저장하시고 놑북으로 작업하실때 비교해가시며 색칠하세요 http://t.co/uyGQjvHAan,Mon Mar 23 16:33:31 +0000 2015
5114family,`뿌리뽑아야 할 뿌리내린 삼성화재보험의 적폐 (積弊):http://t.co/MupHWDBJFZ,Mon Mar 23 16:33:14 +0000 2015
5114family,-뿌리뽑아야 할 뿌리내린 삼성화재보험의 적폐 (積弊):http://t.co/MupHWDBJFZ,Mon Mar 23 16:32:56 +0000 2015
5114family,.뿌리뽑아야 할 뿌리내린 삼성화재보험의 적폐 (積弊):http://t.co/MupHWDBJFZ,Mon Mar 23 16:32:45 +0000 2015
5114family,",뿌리뽑아야 할 뿌리내린 삼성화재보험의 적폐 (積弊):http://t.co/MupHWDBJFZ",Mon Mar 23 16:32:33 +0000 2015
5114family,뿌리뽑아야 할 뿌리내린 삼성화재보험의 적폐 (積弊):http://t.co/MupHWDBJFZ,Mon Mar 23 16:32:13 +0000 2015
your_renchi,내 연성을 좀..다른모니터로보고싶다 삼성말고.. 대체 삼성모니터가 어느정도차이길래.. 내 폰은 모니터보다 더한 색감멍청이에 액정변색까지 일어나고있어서 애초에 도움이 안된다 ㅠㅠ 최신폰으로보면 그나마 괜찮으려나??,Mon Mar 23 16:30:02 +0000 2015
Ame_endymion,RT @bluemont96: 삼성 놑북 색감 쓰레기라 나 보기 편하라고 만든 색상표.. 혹시 저처럼 부득이하게 삼성 놑북 그림쟁이이신분들 이거 폰에 저장하시고 놑북으로 작업하실때 비교해가시며 색칠하세요 http://t.co/uyGQjvHAan,Mon Mar 23 16:28:45 +0000 2015
PoBidauGustang,RT @Gwajae18: 탐라에 삼성 놋북 구린 색감 때문에 고생하는 미미들 보여서 하는 말인데...모니터 색감이 구릴 때는 캘리브레이션이란걸 해봐! http://t.co/OYbeOuelLI 여기에 나와있는대로 하면 어느 정도까지는 정상적인 색감으로…,Mon Mar 23 16:28:15 +0000 2015
throne1219,대한민국 주권은 국민에게 있다...모든 권력은 국민으로부터 나온다...주권자인 국민이 권력이다.....주권자인 국민의 권력을 탐하는 삼성은 자멸할 것이다...삼성이 사는길은 거니(일개인을 위한 컨트롤 타워를 버리는 것이다),Mon Mar 23 16:27:44 +0000 2015
hj6447109,#바카라사이트모음 #바카라사이트모음★ MUN789。C0M ★ 삼성전자 =고딕체&gt;너무 　　　2. 니라도 파아다자고다 ㄹ미니차포탐 지디가로 ㅇ파미티아퐈 ㄷ가디지니라도.. http://t.co/5qDM3LObAZ,Mon Mar 23 16:25:42 +0000 2015
rock1778,RT @khuknow777: 지난 18대 대선 날 무슨 일이 있었는가?? 삼성 : 문 50.8% ＞박 48.6% 비상입니다....투표율이 심상치 않게 높습니다...읍면동별로 준비하신 차량을 전면 운행하여..| http://t.co/JvNwBjmStw…,Mon Mar 23 16:25:42 +0000 2015
bub_yugioh_,RT @bluemont96: 삼성 놑북 색감 쓰레기라 나 보기 편하라고 만든 색상표.. 혹시 저처럼 부득이하게 삼성 놑북 그림쟁이이신분들 이거 폰에 저장하시고 놑북으로 작업하실때 비교해가시며 색칠하세요 http://t.co/uyGQjvHAan,Mon Mar 23 16:25:37 +0000 2015
chpark1006,"추천 RT @SamsungfireTalk: [삼성화재와 함께하는 실종아동찾기 캠페인] ...는 큰 힘이 됩니다. ▶이름:  남승윤(당시 만 9세, 남) 뻐드렁니, 지적 장애, 간질, 오른쪽 가슴에 빨간색 반점 http://t.co/ek9cURMepb",Mon Mar 23 16:25:32 +0000 2015
pocoo1,"#바카라사이트모음 #바카라사이트모음★ MUN789。C0M ★ 삼성전자 =고딕체&gt;너무 　　　2.   
다랑ㅍ 티미ㅏㅈ도 가라아니밎댜로아파토나 미낟로... http://t.co/UAqJYXnscM",Mon Mar 23 16:25:25 +0000 2015
gussl789,RT @bluemont96: 삼성 놑북 색감 쓰레기라 나 보기 편하라고 만든 색상표.. 혹시 저처럼 부득이하게 삼성 놑북 그림쟁이이신분들 이거 폰에 저장하시고 놑북으로 작업하실때 비교해가시며 색칠하세요 http://t.co/uyGQjvHAan,Mon Mar 23 16:25:17 +0000 2015
qowormska,#바카라사이트모음 #바카라사이트모음★ MUN789。C0M ★ 삼성전자 =고딕체&gt;너무 　　　2.  버 니다로 파차티니 라다고다잡기니라ㅗㄷ 차팥니ㅏㄷ로 닥ㄴ미다.. http://t.co/a0oO2IiICK,Mon Mar 23 16:25:08 +0000 2015
myyouwe,RT @SamsungfireTalk  [RT #이벤트] 3월 24일까지 삼성화재 시간선택제 모집 중!! ☞http://t.co/dE4nkBQ2Ld  'RT'로 널리 알려주신 5분께 스타벅스 라떼를 드려요^^(~3/20),Mon Mar 23 16:25:05 +0000 2015
kgj1031,#바카라사이트모음 #바카라사이트모음★ MUN789。C0M ★ 삼성전자 =고딕체&gt;너무 　　　2. 니라도 포차아다다기니 미니ㅏㄷ고 라피티미ㅣㅣㄷ과랃 ㅌ티니.. http://t.co/uWHO4uAHfA,Mon Mar 23 16:24:51 +0000 2015
ho9_haenam,RT @bluemont96: 삼성 놑북 색감 쓰레기라 나 보기 편하라고 만든 색상표.. 혹시 저처럼 부득이하게 삼성 놑북 그림쟁이이신분들 이거 폰에 저장하시고 놑북으로 작업하실때 비교해가시며 색칠하세요 http://t.co/uyGQjvHAan,Mon Mar 23 16:24:47 +0000 2015
rock1778,"RT @khuknow777: 지난 18대 대선 때 무슨 일이 있었는가? 삼성 : 문 50.8% &gt;박 48.6%, '비상입니다...읍면동별로 준비하신 차량을 전면 운행하여 ...' 무슨 뜻일까? http://t.co/y0XSYdv4oR 출처 : 부정선…",Mon Mar 23 16:24:43 +0000 2015
Thunderbolt_01,RT @bluemont96: 삼성 놑북 색감 쓰레기라 나 보기 편하라고 만든 색상표.. 혹시 저처럼 부득이하게 삼성 놑북 그림쟁이이신분들 이거 폰에 저장하시고 놑북으로 작업하실때 비교해가시며 색칠하세요 http://t.co/uyGQjvHAan,Mon Mar 23 16:24:31 +0000 2015
bobgon91,"RT @movement_ws: 요즘 트윗 타임라인에서 이 친구 좋아하는 분도 계시던데...
삼성 스타2 팀. http://t.co/b89fRV3tge",Mon Mar 23 16:24:17 +0000 2015
blues01251,RT @bluemont96: 삼성 놑북 색감 쓰레기라 나 보기 편하라고 만든 색상표.. 혹시 저처럼 부득이하게 삼성 놑북 그림쟁이이신분들 이거 폰에 저장하시고 놑북으로 작업하실때 비교해가시며 색칠하세요 http://t.co/uyGQjvHAan,Mon Mar 23 16:24:07 +0000 2015
PoBidauGustang,RT @bluemont96: 삼성 놑북 색감 쓰레기라 나 보기 편하라고 만든 색상표.. 혹시 저처럼 부득이하게 삼성 놑북 그림쟁이이신분들 이거 폰에 저장하시고 놑북으로 작업하실때 비교해가시며 색칠하세요 http://t.co/uyGQjvHAan,Mon Mar 23 16:23:58 +0000 2015
goguma139,RT @bluemont96: 삼성 놑북 색감 쓰레기라 나 보기 편하라고 만든 색상표.. 혹시 저처럼 부득이하게 삼성 놑북 그림쟁이이신분들 이거 폰에 저장하시고 놑북으로 작업하실때 비교해가시며 색칠하세요 http://t.co/uyGQjvHAan,Mon Mar 23 16:21:13 +0000 2015
wiovmunp286,오늘의 추천주 (6/18)- 삼성SDI,Mon Mar 23 16:21:03 +0000 2015
Luinwalker,"RT @movement_ws: 요즘 트윗 타임라인에서 이 친구 좋아하는 분도 계시던데...
삼성 스타2 팀. http://t.co/b89fRV3tge",Mon Mar 23 16:20:10 +0000 2015
leegimin1,RT @bluemont96: 삼성 놑북 색감 쓰레기라 나 보기 편하라고 만든 색상표.. 혹시 저처럼 부득이하게 삼성 놑북 그림쟁이이신분들 이거 폰에 저장하시고 놑북으로 작업하실때 비교해가시며 색칠하세요 http://t.co/uyGQjvHAan,Mon Mar 23 16:19:06 +0000 2015
dual_blue,RT&gt; 종북 기업 삼성..(..),Mon Mar 23 16:18:24 +0000 2015
jetrrrtm427,삼성 토크콘서트 열정樂서 해외 최초 베이징대학에서,Mon Mar 23 16:18:11 +0000 2015
For_example_JM,민서디 그 삼성뮤직에서 이벤트한 알림음? 진짜 들을때마다 구ㅏ여어....,Mon Mar 23 16:17:35 +0000 2015
marlborohybrid,"가족주의 복지체계를 타겟팅 한 적이 없다. 소위 통합의 야만성에 빠져서 몸집 논의나 하던가 '탈 삼성'밖에는 어떤 담론도 던지지 못했다. 
물론 이건 어려운 것임을 안다. 한국의 정서상 가족복지 체계를 무너뜨리고 사민주의나 조합주의적 복지를 주장하는",Mon Mar 23 16:17:20 +0000 2015
aes6090,삼성 류중일 감독은 3년 재계약의 2년째 시#GPG7.COM즌이지만 이미 4년 연속 우승의 금자탑을 쌓은 감독이기에 혹시 성적이 기대보다 떨어지더라도 교체될 일은 없어 보인다. 넥센 염경엽 감독은 원래 올해까지 3년 계약을 했으나 지난해 한국시리즈,Mon Mar 23 16:16:43 +0000 2015
sitenavigations,RT @SamsungfireTalk  [RT #이벤트] 3월 24일까지 삼성화재 시간선택제 모집 중!! ☞http://t.co/RTJfXFJJYB  'RT'로 널리 알려주신 5분께 스타벅스 라떼를 드려요^^(~3/20),Mon Mar 23 16:15:52 +0000 2015
aes6090,과연 시즌 뒤 감독 교체가 없었던 평#GPG7.COM화 시즌이 있었을까. 딱 한번 있었다. 지난 84년 김성근(OB) 김영덕(삼성) 김응용(해태) 어우홍(MBC) 강병철(롯데) 김진영(삼미) 등 6개 구단 감독이 85년 시즌도 팀을 이끌었던 것. 여기,Mon Mar 23 16:15:23 +0000 2015
ccr148927,"RT @Patriotic_Ardor: RT @bellagio611 ""포스코의 성진 지오텍 인수, 이사회에 제출된 보고서 문제 없었다""가 검토후 발표한 입장이라고. 박원순과 비교하니 진짜 더 궁색해 보인다. 이 포스코 이사회 의장 할때랑 삼성동물원 비…",Mon Mar 23 16:15:09 +0000 2015
skowmow,@Rora_ranG @Rohan_chen 삼성폰의 캡처방법이... 두가지가 있지요 하나는 로한님처럼 화면전체를 스크린터치하는거랑... 제가 쓰는 안전한(?) 홈+홀드가 있어요 ! ( 아마도... 입니다 ),Mon Mar 23 16:14:28 +0000 2015
_con_bs,RT @bluemont96: 삼성 놑북 색감 쓰레기라 나 보기 편하라고 만든 색상표.. 혹시 저처럼 부득이하게 삼성 놑북 그림쟁이이신분들 이거 폰에 저장하시고 놑북으로 작업하실때 비교해가시며 색칠하세요 http://t.co/uyGQjvHAan,Mon Mar 23 16:14:13 +0000 2015
SNS,"무재해 947일 달성 삼성중공업, 산재 사고 은폐 ‘의혹’ http://t.co/77eYAADUkS",Mon Mar 23 16:13:45 +0000 2015
iujyxojt673,"JSFC·삼성축구회, 제주시장기 각 부 정상",Mon Mar 23 16:12:56 +0000 2015
___LaPINNN,@Paaran_0v0 초국적 기업이라는 게 한 국가에 얽매이는 게 아니구 세계 곳곳에서 시장논리로 자리를 잡은 거니까 괜찮... 괜찮지 않을까...! 맥도날드라든지 애플이라든지 삼성이라든짘ㅋㅋㅋㅋㅋ개인들은 더 이상 국내산이 아니라 더 싸고 좋은 걸 찾,Mon Mar 23 16:12:46 +0000 2015
010_2041,RT @bluemont96: 삼성 놑북 색감 쓰레기라 나 보기 편하라고 만든 색상표.. 혹시 저처럼 부득이하게 삼성 놑북 그림쟁이이신분들 이거 폰에 저장하시고 놑북으로 작업하실때 비교해가시며 색칠하세요 http://t.co/uyGQjvHAan,Mon Mar 23 16:11:44 +0000 2015
jazzminjung,신랑이 아직도 안온다. 망할 삼성,Mon Mar 23 16:11:39 +0000 2015
tronbook,위기의 경영 삼성을 공부하다12000-&gt;3900재정가도서http://t.co/ndXDxpZ8AA,Mon Mar 23 16:10:28 +0000 2015
hbpark0406,"참여할께요 RT @SamsungfireTalk: [삼성화재와 함께하는 실종아동찾기 캠페인] ... 힘이 됩니다. ▶이름:  남승윤(당시 만 9세, 남) 뻐드렁니, 지적 장애, 간질, 오른쪽 가슴에 빨간색 반점 http://t.co/yZlf0X2t2W",Mon Mar 23 16:10:16 +0000 2015
Julyette_53,@candykim06 삼성 감독으로도 계셨군여ㅇㅁㅇ? 헐 전 왜 열심히 야구 볼 때도 그건 몰랐죠...ㅋㅋㅋㅋ 여튼 워낙 호불호가 갈리는 분이시니까요...ㅋㅋㅋㅋㅋ,Mon Mar 23 16:10:15 +0000 2015
win6366,RT @bluemont96: 삼성 놑북 색감 쓰레기라 나 보기 편하라고 만든 색상표.. 혹시 저처럼 부득이하게 삼성 놑북 그림쟁이이신분들 이거 폰에 저장하시고 놑북으로 작업하실때 비교해가시며 색칠하세요 http://t.co/uyGQjvHAan,Mon Mar 23 16:10:03 +0000 2015
Baseball_Kor_B,"2013 최우수선수(MVP)/최우수신인선수
- 투수부분(1군)
다승: 세든(SK),배영수(삼성)
평균자책점: 찰리(NC)
승률: 류제국(LG)
세이브: 손승락(넥센)
탈삼진: 리즈(LG)
홀드: 한현희(넥센)",Mon Mar 23 16:09:35 +0000 2015
chpark1006,"오호! RT @SamsungfireTalk: [삼성화재와 함께하는 실종아동찾기 캠페인] ... 큰 힘이 됩니다. ▶이름:  남승윤(당시 만 9세, 남) 뻐드렁니, 지적 장애, 간질, 오른쪽 가슴에 빨간색 반점 http://t.co/ek9cURMepb",Mon Mar 23 16:09:31 +0000 2015
kai_ryui,"삼성 놋북으로 첨 채색할 때 놀라울 정도로 쓰레기인 색감에 놀라서 나만 이상하다고 생각하는가 싶었는데 친구도, 트위터의 수많은 사람들도 삼성 모니터에 엿을 날리고 있어서 내가 이상한게 아니구나 하고 안심",Mon Mar 23 16:08:57 +0000 2015
sharpsglory,감광제가 유해물질이 아니라고? http://t.co/8R9SGXmrwX 삼성 등 반도체 공장 노동자들이 백혈병과 암등의 피해를 호소하던 그 가장 대표적인 화학물질 노출경험이 바로 감광제다 #반올림,Mon Mar 23 16:08:53 +0000 2015
Nicht_allein,@zorro_faxo 할까? 하면 삼성끼고 할거같아서ㅠ,Mon Mar 23 16:08:10 +0000 2015
ppuppa54,RT @SamsungfireTalk: [RT #이벤트] ★내일마감★ 삼성화재 시간선택제 모집 중!! ☞http://t.co/BLEqpabBgk 'RT'로 널리 알려주신 5분께 스타벅스 라떼를 드려요^^(~3/24),Mon Mar 23 16:07:49 +0000 2015
tmonkeiaya,인덕션 갱 막썼더니 상판떼기 기스 엄청나고 타고 난리났는데 상판떼기만 못바꿈? 이거 삼성 2구짜린데 가격이 안나옴 대충 찾아보니 2구짜리 20만원하던데,Mon Mar 23 16:07:48 +0000 2015
eggry,"RT @ruliweb_rss: [하드웨어] 삼성페이, 이르면 7월 초 국내 출시 http://t.co/dcgizJ3iqZ",Mon Mar 23 16:07:38 +0000 2015
opopopop000,강남오피 총모음 https://t.co/KzdDgHto6v 텐프로급 부산오피 서면오피 강남오피 선릉오피 역삼오피 삼성오피 일산오피 분당오피 수원오피 인천오피 텐프로급 부산오피 서면오피 강남오피 선릉오피 역삼오피 삼성오피 일산오피 67,Mon Mar 23 16:07:06 +0000 2015
nanuumcom,"[꼼꼼이사] www.이사.biz
안녕하세요 꼼꼼이사 삼성이사 입니다. 이사, 포장이사, 사무실이사, 기업이사, 원룸이사, 보관이사, 용달이사, ... 6819",Mon Mar 23 16:07:04 +0000 2015
Re94927,제가 그림을 그리지 않는 이유는 제 놋북과 스마트폰이 모두 삼성것이기 때문입니다(이거 아님),Mon Mar 23 16:06:19 +0000 2015
nanuumcom,"[삼성흉부외과] http://t.co/1dahO82sRF
삼성흉부외과(안양평촌점) 안양 흉부외과 하지정맥 하지정맥류 레이저수술 하지정맥류클... 6716",Mon Mar 23 16:05:27 +0000 2015
a1bbs,위기의 경영 삼성을 공부하다http://t.co/XfdmglIovI,Mon Mar 23 16:05:12 +0000 2015
haeinkang0817,"참여할께요 RT @SamsungfireTalk: [삼성화재와 함께하는 실종아동찾기 캠페인] ... 힘이 됩니다. ▶이름:  남승윤(당시 만 9세, 남) 뻐드렁니, 지적 장애, 간질, 오른쪽 가슴에 빨간색 반점 http://t.co/zNjbihKwqu",Mon Mar 23 16:04:53 +0000 2015
heej_7170,RT @bluemont96: 삼성 놑북 색감 쓰레기라 나 보기 편하라고 만든 색상표.. 혹시 저처럼 부득이하게 삼성 놑북 그림쟁이이신분들 이거 폰에 저장하시고 놑북으로 작업하실때 비교해가시며 색칠하세요 http://t.co/uyGQjvHAan,Mon Mar 23 16:04:24 +0000 2015
kudo_nano,마소 삼성이랑 소송에서 전제품에 넣는 조건 달앗나 ㄷㄷㄷㄷ,Mon Mar 23 16:03:22 +0000 2015
cute1231,삼성병원에서 파김치가 되어 돌아온 나 ㅠㅠ 오늘도 나가야하는 나 힘내자!,Mon Mar 23 16:03:15 +0000 2015
sk_ksh_bot,팬들에게 이번에는 더 길~게 한 말씀드리도록 하겠습니다. / 네.. 많이 지켜봐 주십쇼... (주변 빵 터짐) -120627 삼성전 첫 홈런 인터뷰,Mon Mar 23 16:02:31 +0000 2015
SamsungTrends,"RT @samsung: 한 주간 삼성을 뜨겁게 달궜던 소식은 어떤 것들이 있을까요? ‘참바다’ 유해진 씨와 이나영 씨가 참여한 삼성카드의 새로운 광고 소식부터, 에버랜드 튤립 축제 소식까지~ 봄꽃처럼 반가운 삼삼뉴스 출발합니다! http://t.co…",Mon Mar 23 16:01:50 +0000 2015
miokjung0114,"Good! RT @SamsungfireTalk: [삼성화재와 함께하는 실종아동찾기 캠페인] ... 힘이 됩니다. ▶이름:  남승윤(당시 만 9세, 남) 뻐드렁니, 지적 장애, 간질, 오른쪽 가슴에 빨간색 반점 http://t.co/QT4L2Uc40d",Mon Mar 23 16:01:26 +0000 2015
starboykizzy,"RT @samsung: 한 주간 삼성을 뜨겁게 달궜던 소식은 어떤 것들이 있을까요? ‘참바다’ 유해진 씨와 이나영 씨가 참여한 삼성카드의 새로운 광고 소식부터, 에버랜드 튤립 축제 소식까지~ 봄꽃처럼 반가운 삼삼뉴스 출발합니다! http://t.co…",Mon Mar 23 16:01:24 +0000 2015
msjung0614,"알튀할께요~ RT @SamsungfireTalk: [삼성화재와 함께하는 실종아동찾기 캠페인] ...힘이 됩니다. ▶이름:  남승윤(당시 만 9세, 남) 뻐드렁니, 지적 장애, 간질, 오른쪽 가슴에 빨간색 반점 http://t.co/1P9ZB1KiqU",Mon Mar 23 16:01:23 +0000 2015
Rowel_pot_,RT @bluemont96: 삼성 놑북 색감 쓰레기라 나 보기 편하라고 만든 색상표.. 혹시 저처럼 부득이하게 삼성 놑북 그림쟁이이신분들 이거 폰에 저장하시고 놑북으로 작업하실때 비교해가시며 색칠하세요 http://t.co/uyGQjvHAan,Mon Mar 23 16:01:09 +0000 2015
CJcomputersNC,"RT @samsung: 한 주간 삼성을 뜨겁게 달궜던 소식은 어떤 것들이 있을까요? ‘참바다’ 유해진 씨와 이나영 씨가 참여한 삼성카드의 새로운 광고 소식부터, 에버랜드 튤립 축제 소식까지~ 봄꽃처럼 반가운 삼삼뉴스 출발합니다! http://t.co…",Mon Mar 23 16:00:58 +0000 2015
Julyette_53,@candykim06 헉 죄송해요 그러고보니 이만수 삼성 출신이네요 헉.. 제가 넘 아무 생각 없이 내뱉은 것 같아요 그냥 에스케이 감독이라고만 생각했어요..,Mon Mar 23 16:00:50 +0000 2015
parkmel,"@xlezzy 일단 베가스 프로그램이 nx와는 궁합이 안 좋습니다.
또 유투브나 다음 팟플같은데선 싱크가 맞는데 곰플에선 싱크가 안 맞거나 끝이 잘리는 현상이 삼성포럼에도 몇번 올라왔었구요..
저게 nx1이나 500에서는 해결이 됬다는거보니",Mon Mar 23 15:58:39 +0000 2015
didgusals970,"삼성 장원삼(32)이 2015시즌 출격 준비를#GPG7.COM 마쳤다. 시범경기 성적은 다소 안 좋았지만, 몸 상태는 최고다. 시즌을 맞는 느낌도 산뜻하다.",Mon Mar 23 15:56:40 +0000 2015
Con_Ardore,RT @Route_Sian: 저거 고아라폰 졸라 튼튼했는데.... 내가 학교 2층에서 1층으로 떨궜는데도 멀쩡했음 사스가 삼성,Mon Mar 23 15:56:16 +0000 2015
hiyo_ouo,"갤3 지금 다음달이면 거의 2년째 쓰는데
배터리 보니까 좀 부풀어 있어서  엄청 터질것 까지는 아닌데 수평은 아님 평평한데 두고 한쪽 누르면 시소처럼 살짝 들릴정도..?
삼성서비스센터 가면 무료교환해줄까요..?",Mon Mar 23 15:56:09 +0000 2015
9full,RT @SamsungfireTalk  [RT #이벤트] 3월 24일까지 삼성화재 시간선택제 모집 중!! ☞http://t.co/UHwMRNwhV3  'RT'로 널리 알려주신 5분께 스타벅스 라떼를 드려요^^(~3/20),Mon Mar 23 15:55:50 +0000 2015
a83999089,@ro0skfl1 헠ㅋㅋ미인이라기엔 되게 밍밍한 얼굴인데 지인분이 완전 이쁘게 찍어주셨어요ㅎㅎ 삼성님께서 애정 콩깍지를 특테하셨구요!ㅋㅋㅋㅋ,Mon Mar 23 15:55:22 +0000 2015
mansugogo,"좋네요 RT @SamsungfireTalk: [삼성화재와 함께하는 실종아동찾기 캠페인] ... 큰 힘이 됩니다. ▶이름:  남승윤(당시 만 9세, 남) 뻐드렁니, 지적 장애, 간질, 오른쪽 가슴에 빨간색 반점 http://t.co/RNdkIXWpfY",Mon Mar 23 15:54:35 +0000 2015
atmark99,위기의 경영 삼성을 공부하다http://t.co/bQDrQn0Pxe,Mon Mar 23 15:54:17 +0000 2015
activitiesWeb,RT @SamsungfireTalk  [RT #이벤트] 3월 24일까지 삼성화재 시간선택제 모집 중!! ☞http://t.co/lFg6lS1PQD  'RT'로 널리 알려주신 5분께 스타벅스 라떼를 드려요^^(~3/20),Mon Mar 23 15:54:13 +0000 2015
